{
"lengthUnit": "mil",
"remark": [],
"components": {
	"fields": ["COMPONENT_NO", "COMPONENT_NAME", "LAYER", "X_COORDINATE", "Y_COORDINATE", "ANGLE"],
	"rows": [
		[1, "CN1", "T", 2210, -160, 270],
		[2, "SW1", "B", 1850.3937, -160, 180],
		[3, "SW2", "B", 1062.9921, -160, 180],
		[4, "SW3", "B", 275.5906, -157.4803, 180]
	]
},
"pins": {
	"fields": ["PIN_NO", "PIN_NAME", "PIN_X", "PIN_Y", "LAYER", "PIN_TYPE", "NET_NAME", "NET_TYPE", "PAD_SHAPE", "PAD_SIZEX", "PAD_SIZEY", "HOLE_SIZE", "HOLE_LEN", "PAD_ANGLE"],
	"rows": [
		[1, "CN1_0", 2259.705, -49.765, "T", "SMD", "NET_1", "", "R", 47.244, 70.866, 0, 0, 270],
		[2, "CN1_0", 2259.705, -270.235, "T", "SMD", "NET_2", "", "R", 47.244, 70.866, 0, 0, 270],
		[3, "CN1_1", 2160.295, -100.945, "T", "SMD", "NET_3", "", "R", 23.622, 61.024, 0, 0, 270],
		[4, "CN1_2", 2160.295, -140.315, "T", "SMD", "NET_4", "", "R", 23.622, 61.024, 0, 0, 270],
		[5, "CN1_3", 2160.295, -179.685, "T", "SMD", "NET_5", "", "R", 23.622, 61.024, 0, 0, 270],
		[6, "CN1_4", 2160.295, -219.055, "T", "SMD", "NET_6", "", "R", 23.622, 61.024, 0, 0, 270],
		[7, "SW1_1", 1978.3437, -71.42, "T", "DIP", "NET_7", "", "C", 70.866, 70.866, 47.244, 47.244, 180],
		[8, "SW1_1", 1978.3437, -71.42, "B", "DIP", "NET_7", "", "C", 70.866, 70.866, 47.244, 47.244, 180],
		[9, "SW1_2", 1722.4437, -71.42, "T", "DIP", "NET_8", "", "C", 70.866, 70.866, 47.244, 47.244, 180],
		[10, "SW1_2", 1722.4437, -71.42, "B", "DIP", "NET_8", "", "C", 70.866, 70.866, 47.244, 47.244, 180],
		[11, "SW1_3", 1978.3437, -248.58, "T", "DIP", "NET_9", "", "C", 70.866, 70.866, 47.244, 47.244, 180],
		[12, "SW1_3", 1978.3437, -248.58, "B", "DIP", "NET_9", "", "C", 70.866, 70.866, 47.244, 47.244, 180],
		[13, "SW1_4", 1722.4437, -248.58, "T", "DIP", "NET_10", "", "C", 70.866, 70.866, 47.244, 47.244, 180],
		[14, "SW1_4", 1722.4437, -248.58, "B", "DIP", "NET_10", "", "C", 70.866, 70.866, 47.244, 47.244, 180],
		[15, "SW2_1", 1190.9421, -71.42, "T", "DIP", "NET_11", "", "C", 70.866, 70.866, 47.244, 47.244, 180],
		[16, "SW2_1", 1190.9421, -71.42, "B", "DIP", "NET_11", "", "C", 70.866, 70.866, 47.244, 47.244, 180],
		[17, "SW2_2", 935.0421, -71.42, "T", "DIP", "NET_12", "", "C", 70.866, 70.866, 47.244, 47.244, 180],
		[18, "SW2_2", 935.0421, -71.42, "B", "DIP", "NET_12", "", "C", 70.866, 70.866, 47.244, 47.244, 180],
		[19, "SW2_3", 1190.9421, -248.58, "T", "DIP", "NET_13", "", "C", 70.866, 70.866, 47.244, 47.244, 180],
		[20, "SW2_3", 1190.9421, -248.58, "B", "DIP", "NET_13", "", "C", 70.866, 70.866, 47.244, 47.244, 180],
		[21, "SW2_4", 935.0421, -248.58, "T", "DIP", "NET_14", "", "C", 70.866, 70.866, 47.244, 47.244, 180],
		[22, "SW2_4", 935.0421, -248.58, "B", "DIP", "NET_14", "", "C", 70.866, 70.866, 47.244, 47.244, 180],
		[23, "SW3_1", 403.5406, -68.9003, "T", "DIP", "NET_15", "", "C", 70.866, 70.866, 47.244, 47.244, 180],
		[24, "SW3_1", 403.5406, -68.9003, "B", "DIP", "NET_15", "", "C", 70.866, 70.866, 47.244, 47.244, 180],
		[25, "SW3_2", 147.6406, -68.9003, "T", "DIP", "NET_16", "", "C", 70.866, 70.866, 47.244, 47.244, 180],
		[26, "SW3_2", 147.6406, -68.9003, "B", "DIP", "NET_16", "", "C", 70.866, 70.866, 47.244, 47.244, 180],
		[27, "SW3_3", 403.5406, -246.0603, "T", "DIP", "NET_17", "", "C", 70.866, 70.866, 47.244, 47.244, 180],
		[28, "SW3_3", 403.5406, -246.0603, "B", "DIP", "NET_17", "", "C", 70.866, 70.866, 47.244, 47.244, 180],
		[29, "SW3_4", 147.6406, -246.0603, "T", "DIP", "NET_18", "", "C", 70.866, 70.866, 47.244, 47.244, 180],
		[30, "SW3_4", 147.6406, -246.0603, "B", "DIP", "NET_18", "", "C", 70.866, 70.866, 47.244, 47.244, 180]
	]
}
}